Workbook
Name SegmentaçãodeDados_Área: #N/A
Name SegmentaçãodeDados_Trimestre: #N/A

Sheet Base de Dados
B1: ID | C1: Data | D1: Modelo | E1: Área | F1: Problema | G1: Gravidade | H1: Produção | I1: Defeitos | J1: Pós-venda | K1: Semestre | L1: Trimestre | M1: Mês | N1: Nº Mês
B2: 1 | C2: 45660 | D2: SUV C | E2: Montagem | F2: Torque fora da especificação | G2: Alta | H2: 100 | I2: 7 | J2: 4 | K2: =IF(MONTH(M2 & " 1")<=6, "1º Semestre", "2º Semestre") -> 1º Semestre | L2: ="T"&ROUNDUP(VALUE(N2)/3,0) -> T1 | M2: =TEXT(C2,"MMM") -> jan | N2: 1
B3: 2 | C3: 45660 | D3: SUV C | E3: Elétrica | F3: Falha no sensor ABS | G3: Alta | H3: 120 | I3: 3 | J3: 2 | K3: =IF(MONTH(M3 & " 1")<=6, "1º Semestre", "2º Semestre") -> 1º Semestre | L3: ="T"&ROUNDUP(VALUE(N3)/3,0) -> T1 | M3: =TEXT(C3,"MMM") -> jan | N3: 1
B4: 3 | C4: 45662 | D4: Sedan B | E4: Pintura | F4: Falha na pintura | G4: Média | H4: 90 | I4: 9 | J4: 1 | K4: =IF(MONTH(M4 & " 1")<=6, "1º Semestre", "2º Semestre") -> 1º Semestre | L4: ="T"&ROUNDUP(VALUE(N4)/3,0) -> T1 | M4: =TEXT(C4,"MMM") -> jan | N4: 1
B5: 4 | C5: 45663 | D5: Hatch A | E5: Acabamento | F5: Ruído interno | G5: Média | H5: 50 | I5: 6 | J5: 5 | K5: =IF(MONTH(M5 & " 1")<=6, "1º Semestre", "2º Semestre") -> 1º Semestre | L5: ="T"&ROUNDUP(VALUE(N5)/3,0) -> T1 | M5: =TEXT(C5,"MMM") -> jan | N5: 1
B6: 5 | C6: 45664 | D6: Pickup D | E6: Powertrain | F6: Vazamento de óleo | G6: Alta | H6: 30 | I6: 2 | J6: 2 | K6: =IF(MONTH(M6 & " 1")<=6, "1º Semestre", "2º Semestre") -> 1º Semestre | L6: ="T"&ROUNDUP(VALUE(N6)/3,0) -> T1 | M6: =TEXT(C6,"MMM") -> jan | N6: 1
B7: 6 | C7: 45665 | D7: SUV C | E7: Montagem | F7: Parafuso ausente | G7: Alta | H7: 120 | I7: 4 | J7: 3 | K7: =IF(MONTH(M7 & " 1")<=6, "1º Semestre", "2º Semestre") -> 1º Semestre | L7: ="T"&ROUNDUP(VALUE(N7)/3,0) -> T1 | M7: =TEXT(C7,"MMM") -> jan | N7: 1
B8: 7 | C8: 45666 | D8: Elétrico EV | E8: Eletrônica | F8: Falha na central multimídia | G8: Baixa | H8: 30 | I8: 5 | J8: 2 | K8: =IF(MONTH(M8 & " 1")<=6, "1º Semestre", "2º Semestre") -> 1º Semestre | L8: ="T"&ROUNDUP(VALUE(N8)/3,0) -> T1 | M8: =TEXT(C8,"MMM") -> jan | N8: 1
B9: 8 | C9: 45667 | D9: Sedan B | E9: Segurança | F9: Airbag com falha de comunicação | G9: Crítica | H9: 90 | I9: 1 | J9: 1 | K9: =IF(MONTH(M9 & " 1")<=6, "1º Semestre", "2º Semestre") -> 1º Semestre | L9: ="T"&ROUNDUP(VALUE(N9)/3,0) -> T1 | M9: =TEXT(C9,"MMM") -> jan | N9: 1
B10: 9 | C10: 45667 | D10: SUV C | E10: Carroceria | F10: Desalinhamento das portas | G10: Média | H10: 120 | I10: 5 | J10: 4 | K10: =IF(MONTH(M10 & " 1")<=6, "1º Semestre", "2º Semestre") -> 1º Semestre | L10: ="T"&ROUNDUP(VALUE(N10)/3,0) -> T1 | M10: =TEXT(C10,"MMM") -> jan | N10: 1
B11: 10 | C11: 45668 | D11: Pickup D | E11: Powertrain | F11: Vazamento de líquido de arrefecimento | G11: Alta | H11: 30 | I11: 3 | J11: 2 | K11: =IF(MONTH(M11 & " 1")<=6, "1º Semestre", "2º Semestre") -> 1º Semestre | L11: ="T"&ROUNDUP(VALUE(N11)/3,0) -> T1 | M11: =TEXT(C11,"MMM") -> jan | N11: 1
B12: 11 | C12: 13/01/2025 | D12: Hatch A | E12: Pintura | F12: Risco na carroceria | G12: Baixa | H12: 50 | I12: 12 | J12: 1 | K12: =IF(MONTH(M12 & " 1")<=6, "1º Semestre", "2º Semestre") -> 1º Semestre | L12: ="T"&ROUNDUP(VALUE(N12)/3,0) -> T1 | M12: =TEXT(C12,"MMM") -> jan | N12: 1
B13: 12 | C13: 14/01/2025 | D13: SUV C | E13: Chassi | F13: Ruído na suspensão | G13: Média | H13: 120 | I13: 7 | J13: 5 | K13: =IF(MONTH(M13 & " 1")<=6, "1º Semestre", "2º Semestre") -> 1º Semestre | L13: ="T"&ROUNDUP(VALUE(N13)/3,0) -> T1 | M13: =TEXT(C13,"MMM") -> jan | N13: 1
B14: 13 | C14: 15/01/2025 | D14: Sedan B | E14: Acabamento | F14: Falha na vedação | G14: Média | H14: 90 | I14: 6 | J14: 4 | K14: =IF(MONTH(M14 & " 1")<=6, "1º Semestre", "2º Semestre") -> 1º Semestre | L14: ="T"&ROUNDUP(VALUE(N14)/3,0) -> T1 | M14: =TEXT(C14,"MMM") -> jan | N14: 1
B15: 14 | C15: 17/01/2025 | D15: Pickup D | E15: Montagem | F15: Torque fora da especificação | G15: Alta | H15: 30 | I15: 5 | J15: 3 | K15: =IF(MONTH(M15 & " 1")<=6, "1º Semestre", "2º Semestre") -> 1º Semestre | L15: ="T"&ROUNDUP(VALUE(N15)/3,0) -> T1 | M15: =TEXT(C15,"MMM") -> jan | N15: 1
B16: 15 | C16: 20/01/2025 | D16: Elétrico EV | E16: Eletrônica | F16: Falha na central multimídia | G16: Baixa | H16: 30 | I16: 8 | J16: 3 | K16: =IF(MONTH(M16 & " 1")<=6, "1º Semestre", "2º Semestre") -> 1º Semestre | L16: ="T"&ROUNDUP(VALUE(N16)/3,0) -> T1 | M16: =TEXT(C16,"MMM") -> jan | N16: 1
B17: 16 | C17: 22/01/2025 | D17: SUV C | E17: Elétrica | F17: Falha no chicote elétrico | G17: Alta | H17: 120 | I17: 4 | J17: 3 | K17: =IF(MONTH(M17 & " 1")<=6, "1º Semestre", "2º Semestre") -> 1º Semestre | L17: ="T"&ROUNDUP(VALUE(N17)/3,0) -> T1 | M17: =TEXT(C17,"MMM") -> jan | N17: 1
B18: 17 | C18: 24/01/2025 | D18: Sedan B | E18: Pintura | F18: Falha na pintura | G18: Média | H18: 90 | I18: 10 | J18: 2 | K18: =IF(MONTH(M18 & " 1")<=6, "1º Semestre", "2º Semestre") -> 1º Semestre | L18: ="T"&ROUNDUP(VALUE(N18)/3,0) -> T1 | M18: =TEXT(C18,"MMM") -> jan | N18: 1
B19: 18 | C19: 27/01/2025 | D19: Hatch A | E19: Acabamento | F19: Ruído interno | G19: Média | H19: 50 | I19: 8 | J19: 6 | K19: =IF(MONTH(M19 & " 1")<=6, "1º Semestre", "2º Semestre") -> 1º Semestre | L19: ="T"&ROUNDUP(VALUE(N19)/3,0) -> T1 | M19: =TEXT(C19,"MMM") -> jan | N19: 1
B20: 19 | C20: 29/01/2025 | D20: SUV C | E20: Montagem | F20: Parafuso ausente | G20: Alta | H20: 120 | I20: 3 | J20: 2 | K20: =IF(MONTH(M20 & " 1")<=6, "1º Semestre", "2º Semestre") -> 1º Semestre | L20: ="T"&ROUNDUP(VALUE(N20)/3,0) -> T1 | M20: =TEXT(C20,"MMM") -> jan | N20: 1
B21: 20 | C21: 31/01/2025 | D21: Pickup D | E21: Powertrain | F21: Vazamento de óleo | G21: Alta | H21: 30 | I21: 2 | J21: 2 | K21: =IF(MONTH(M21 & " 1")<=6, "1º Semestre", "2º Semestre") -> 1º Semestre | L21: ="T"&ROUNDUP(VALUE(N21)/3,0) -> T1 | M21: =TEXT(C21,"MMM") -> jan | N21: 1
B22: 21 | C22: 03/02/2025 | D22: SUV C | E22: Montagem | F22: Torque fora da especificação | G22: Alta | H22: 120 | I22: 6 | J22: 4 | K22: =IF(MONTH(M22 & " 1")<=6, "1º Semestre", "2º Semestre") -> 1º Semestre | L22: ="T"&ROUNDUP(VALUE(N22)/3,0) -> T1 | M22: =TEXT(C22,"MMM") -> fev | N22: 2
B23: 22 | C23: 04/02/2025 | D23: Sedan B | E23: Pintura | F23: Falha na pintura | G23: Média | H23: 90 | I23: 8 | J23: 1 | K23: =IF(MONTH(M23 & " 1")<=6, "1º Semestre", "2º Semestre") -> 1º Semestre | L23: ="T"&ROUNDUP(VALUE(N23)/3,0) -> T1 | M23: =TEXT(C23,"MMM") -> fev | N23: 2
... B61: 60 | C61: 31/03/2025 | D61: Hatch A | E61: Pintura | F61: Risco na carroceria | G61: Baixa | H61: 42 | I61: 8 | J61: 1 | K61: =IF(MONTH(M61 & " 1")<=6, "1º Semestre", "2º Semestre") -> 1º Semestre | L61: ="T"&ROUNDUP(VALUE(N61)/3,0) -> T1 | M61: =TEXT(C61,"MMM") -> mar | N61: 3
B62: 61 | C62: 45749 | D62: SUV C | E62: Montagem | F62: Torque fora da especificação | G62: Alta | H62: 100 | I62: 4 | J62: 2 | K62: =IF(MONTH(M62 & " 1")<=6, "1º Semestre", "2º Semestre") -> 1º Semestre | L62: ="T"&ROUNDUP(VALUE(N62)/3,0) -> T2 | M62: =TEXT(C62,"MMM") -> abr | N62: 4
B63: 62 | C63: 45750 | D63: Sedan B | E63: Pintura | F63: Falha na pintura | G63: Média | H63: 86 | I63: 7 | J63: 1 | K63: =IF(MONTH(M63 & " 1")<=6, "1º Semestre", "2º Semestre") -> 1º Semestre | L63: ="T"&ROUNDUP(VALUE(N63)/3,0) -> T2 | M63: =TEXT(C63,"MMM") -> abr | N63: 4
B64: 63 | C64: 45751 | D64: Hatch A | E64: Acabamento | F64: Ruído interno | G64: Média | H64: 40 | I64: 5 | J64: 3 | K64: =IF(MONTH(M64 & " 1")<=6, "1º Semestre", "2º Semestre") -> 1º Semestre | L64: ="T"&ROUNDUP(VALUE(N64)/3,0) -> T2 | M64: =TEXT(C64,"MMM") -> abr | N64: 4
B65: 64 | C65: 45754 | D65: Pickup D | E65: Powertrain | F65: Vazamento de óleo | G65: Alta | H65: 26 | I65: 2 | J65: 1 | K65: =IF(MONTH(M65 & " 1")<=6, "1º Semestre", "2º Semestre") -> 1º Semestre | L65: ="T"&ROUNDUP(VALUE(N65)/3,0) -> T2 | M65: =TEXT(C65,"MMM") -> abr | N65: 4
B66: 65 | C66: 45755 | D66: SUV C | E66: Elétrica | F66: Falha no sensor ABS | G66: Alta | H66: 100 | I66: 2 | J66: 1 | K66: =IF(MONTH(M66 & " 1")<=6, "1º Semestre", "2º Semestre") -> 1º Semestre | L66: ="T"&ROUNDUP(VALUE(N66)/3,0) -> T2 | M66: =TEXT(C66,"MMM") -> abr | N66: 4
B67: 66 | C67: 45756 | D67: Elétrico EV | E67: Eletrônica | F67: Falha na central multimídia | G67: Baixa | H67: 30 | I67: 5 | J67: 1 | K67: =IF(MONTH(M67 & " 1")<=6, "1º Semestre", "2º Semestre") -> 1º Semestre | L67: ="T"&ROUNDUP(VALUE(N67)/3,0) -> T2 | M67: =TEXT(C67,"MMM") -> abr | N67: 4
B68: 67 | C68: 45757 | D68: SUV C | E68: Carroceria | F68: Desalinhamento das portas | G68: Média | H68: 100 | I68: 3 | J68: 2 | K68: =IF(MONTH(M68 & " 1")<=6, "1º Semestre", "2º Semestre") -> 1º Semestre | L68: ="T"&ROUNDUP(VALUE(N68)/3,0) -> T2 | M68: =TEXT(C68,"MMM") -> abr | N68: 4
B69: 68 | C69: 45758 | D69: Pickup D | E69: Montagem | F69: Parafuso ausente | G69: Alta | H69: 26 | I69: 3 | J69: 1 | K69: =IF(MONTH(M69 & " 1")<=6, "1º Semestre", "2º Semestre") -> 1º Semestre | L69: ="T"&ROUNDUP(VALUE(N69)/3,0) -> T2 | M69: =TEXT(C69,"MMM") -> abr | N69: 4
B70: 69 | C70: 45761 | D70: Hatch A | E70: Pintura | F70: Risco na carroceria | G70: Baixa | H70: 40 | I70: 8 | J70: 1 | K70: =IF(MONTH(M70 & " 1")<=6, "1º Semestre", "2º Semestre") -> 1º Semestre | L70: ="T"&ROUNDUP(VALUE(N70)/3,0) -> T2 | M70: =TEXT(C70,"MMM") -> abr | N70: 4
B71: 70 | C71: 45762 | D71: SUV C | E71: Chassi | F71: Ruído na suspensão | G71: Média | H71: 110 | I71: 4 | J71: 3 | K71: =IF(MONTH(M71 & " 1")<=6, "1º Semestre", "2º Semestre") -> 1º Semestre | L71: ="T"&ROUNDUP(VALUE(N71)/3,0) -> T2 | M71: =TEXT(C71,"MMM") -> abr | N71: 4
B72: 71 | C72: 45763 | D72: Sedan B | E72: Acabamento | F72: Falha na vedação | G72: Média | H72: 85 | I72: 4 | J72: 2 | K72: =IF(MONTH(M72 & " 1")<=6, "1º Semestre", "2º Semestre") -> 1º Semestre | L72: ="T"&ROUNDUP(VALUE(N72)/3,0) -> T2 | M72: =TEXT(C72,"MMM") -> abr | N72: 4
B73: 72 | C73: 45764 | D73: Elétrico EV | E73: Eletrônica | F73: Falha na central multimídia | G73: Baixa | H73: 25 | I73: 5 | J73: 4 | K73: =IF(MONTH(M73 & " 1")<=6, "1º Semestre", "2º Semestre") -> 1º Semestre | L73: ="T"&ROUNDUP(VALUE(N73)/3,0) -> T2 | M73: =TEXT(C73,"MMM") -> abr | N73: 4
... B241: 240 | C241: 46021 | D241: Pickup D | E241: Montagem | F241: Parafuso ausente | G241: Alta | H241: 20 | I241: 1 | J241: 1 | K241: =IF(MONTH(M241 & " 1")<=6, "1º Semestre", "2º Semestre") -> 2º Semestre | L241: ="T"&ROUNDUP(VALUE(N241)/3,0) -> T4 | M241: =TEXT(C241,"MMM") -> dez | N241: 12

Sheet Auxiliar
B1: Defeitos por Mês | E1: Defeitos por Modelo | H1: Principais Problemas | K1: Defeitos por Área | N1: Gravidade dos Problemas | Q1: Rótulos de Linha | R1: Contagem de Área
B2: Rótulos de Linha | C2: Soma de Defeitos | E2: Modelos | F2: Contagem de Defeitos | H2: Problemas | I2: Contagem de Defeitos | K2: Área | L2: Contagem de Defeitos | N2: Rótulos de Linha | O2: Contagem de Defeitos | Q2: T1 | R2: 60
B3: jan | C3: 110 | E3: SUV C | F3: 84 | H3: Falha na central multimídia | I3: 27 | K3: Montagem | L3: 44 | N3: Alta | O3: 98 | Q3: T2 | R3: 60
B4: fev | C4: 83 | E4: Pickup D | F4: 44 | H4: Falha na pintura | I4: 25 | K4: Pintura | L4: 41 | N4: Média | O4: 87 | Q4: T3 | R4: 60
B5: mar | C5: 109 | E5: Hatch A | F5: 39 | H5: Torque fora da especificação | I5: 23 | K5: Acabamento | L5: 35 | N5: Baixa | O5: 43 | Q5: T4 | R5: 60
B6: abr | C6: 80 | E6: Sedan B | F6: 39 | H6: Ruído interno | I6: 23 | K6: Elétrica | L6: 30 | N6: Crítica | O6: 12 | Q6: Total Geral | R6: 240
B7: mai | C7: 76 | E7: Elétrico EV | F7: 34 | H7: Parafuso ausente | I7: 21 | K7: Eletrônica | L7: 27 | N7: Total Geral | O7: 240
B8: jun | C8: 62 | E8: Total Geral | F8: 240 | H8: Falha no sensor ABS | I8: 17 | K8: Powertrain | L8: 24
B9: jul | C9: 66 | H9: Risco na carroceria | I9: 16 | K9: Carroceria | L9: 14 | N9: Pós-Venda
B10: ago | C10: 79 | H10: Desalinhamento das portas | I10: 14 | K10: Chassi | L10: 13 | N10: Rótulos de Linha | O10: Contagem de ID
B11: set | C11: 67 | H11: Ruído na suspensão | I11: 13 | K11: Segurança | L11: 12 | N11: 0 | O11: 9
B12: out | C12: 59 | H12: Falha no chicote elétrico | I12: 13 | K12: Total Geral | L12: 240 | N12: 1 | O12: 130
B13: nov | C13: 49 | H13: Vazamento de óleo | I13: 13 | N13: 2 | O13: 62
B14: dez | C14: 41 | H14: Airbag com falha de comunicação | I14: 12 | N14: 3 | O14: 24
B15: Total Geral | C15: 881 | H15: Falha na vedação | I15: 12 | N15: 4 | O15: 9
H16: Vazamento de líquido de arrefecimento | I16: 11 | N16: 5 | O16: 4
H17: Total Geral | I17: 240 | N17: 6 | O17: 1
N18: 7 | O18: 1
N19: Total Geral | O19: 240
H21: Problema | I21: Ocorrência | J21: % | K21: % Acumulada
H22: =Auxiliar!H3 -> Falha na central multimídia | I22: =Auxiliar!I3 -> 27 | J22: =I22/$I$36 -> 0.1125 | K22: =J22 -> 0.1125
H23: =Auxiliar!H4 -> Falha na pintura | I23: =Auxiliar!I4 -> 25 | J23: =I23/$I$36 -> 0.10416667 | K23: =K22+J23 -> 0.21666667
H24: =Auxiliar!H5 -> Torque fora da especificação | I24: =Auxiliar!I5 -> 23 | J24: =I24/$I$36 -> 0.095833333 | K24: =K23+J24 -> 0.3125
H25: =Auxiliar!H6 -> Ruído interno | I25: =Auxiliar!I6 -> 23 | J25: =I25/$I$36 -> 0.095833333 | K25: =K24+J25 -> 0.40833333
H26: =Auxiliar!H7 -> Parafuso ausente | I26: =Auxiliar!I7 -> 21 | J26: =I26/$I$36 -> 0.0875 | K26: =K25+J26 -> 0.49583333
H27: =Auxiliar!H8 -> Falha no sensor ABS | I27: =Auxiliar!I8 -> 17 | J27: =I27/$I$36 -> 0.070833333 | K27: =K26+J27 -> 0.56666667
H28: =Auxiliar!H9 -> Risco na carroceria | I28: =Auxiliar!I9 -> 16 | J28: =I28/$I$36 -> 0.066666667 | K28: =K27+J28 -> 0.63333333
H29: =Auxiliar!H10 -> Desalinhamento das portas | I29: =Auxiliar!I10 -> 14 | J29: =I29/$I$36 -> 0.058333333 | K29: =K28+J29 -> 0.69166667
H30: =Auxiliar!H11 -> Ruído na suspensão | I30: =Auxiliar!I11 -> 13 | J30: =I30/$I$36 -> 0.054166667 | K30: =K29+J30 -> 0.74583333
H31: =Auxiliar!H12 -> Falha no chicote elétrico | I31: =Auxiliar!I12 -> 13 | J31: =I31/$I$36 -> 0.054166667 | K31: =K30+J31 -> 0.8
H32: =Auxiliar!H13 -> Vazamento de óleo | I32: =Auxiliar!I13 -> 13 | J32: =I32/$I$36 -> 0.054166667 | K32: =K31+J32 -> 0.85416667
H33: =Auxiliar!H14 -> Airbag com falha de comunicação | I33: =Auxiliar!I14 -> 12 | J33: =I33/$I$36 -> 0.05 | K33: =K32+J33 -> 0.90416667
H34: =Auxiliar!H15 -> Falha na vedação | I34: =Auxiliar!I15 -> 12 | J34: =I34/$I$36 -> 0.05 | K34: =K33+J34 -> 0.95416667
H35: =Auxiliar!H16 -> Vazamento de líquido de arrefecimento | I35: =Auxiliar!I16 -> 11 | J35: =I35/$I$36 -> 0.045833333 | K35: =K34+J35 -> 1
I36: =SUM(I22:I35) -> 240

Sheet Dashboard
